Mobile no,Name,Servant id,vehicle id
63-(867)293-3930,Ly,1,1
380-(698)252-0828,Farrell,2,2
359-(432)900-8423,Sher,3,3
54-(253)470-1052,Gregorio,4,4
86-(701)596-0853,Wheeler,5,5
81-(155)393-0348,Cristian,6,6
1-(365)234-0681,Missie,7,7
1-(330)390-1234,Eyde,8,8
33-(291)739-2300,Vaclav,9,9
62-(964)355-2900,Sharleen,10,10
47-(403)583-9450,Mari,11,11
505-(486)786-8742,Katusha,12,12
31-(119)950-1531,Rollie,13,13
86-(267)315-3795,Jeri,14,14
260-(154)635-0309,Terrell,15,15
7-(638)146-1146,Andrew,16,16
62-(900)826-7859,Powell,17,17
237-(202)983-3989,Beverie,18,18
7-(221)444-4573,Arden,19,19
237-(545)510-1450,Carola,20,20
234-(489)755-0919,Morley,21,21
62-(541)720-6868,Daveen,22,22
33-(562)265-8388,Marylin,23,23
856-(560)961-5549,Kerrill,24,24
63-(804)975-4129,Meggy,25,25
27-(813)608-9248,Wilden,26,26
7-(325)361-8183,Alissa,27,27
86-(916)911-6659,Jeth,28,28
55-(823)331-4969,Floris,29,29
46-(908)940-9154,Debera,30,30
62-(775)817-3358,Vern,31,31
254-(348)181-6837,Xaviera,32,32
1-(287)347-1691,Reinald,33,33
86-(567)989-8367,Almeda,34,34
86-(331)355-3875,Ofelia,35,35
7-(974)415-0475,Kelsey,36,36
7-(373)409-7314,Idalina,37,37
1-(914)926-6102,Siegfried,38,38
60-(906)188-7799,Currey,39,39
374-(220)497-4573,Joli,40,40
86-(952)468-3800,Adolf,41,41
351-(429)415-6396,Kikelia,42,42
84-(581)181-7840,Stanwood,43,43
57-(548)290-1211,Emmaline,44,44
86-(751)608-6797,Stan,45,45
7-(813)374-3633,Lesly,46,46
7-(123)860-5604,Tonia,47,47
994-(925)944-4440,Bartholomeus,48,48
55-(778)871-9905,Nissy,49,49
86-(101)459-9994,Tomasine,50,50
